customer_id,churn_prediction,churn_probability
767114958,0,4e-06
708123033,0,0.000167
715424283,0,0.000642
717865008,0,8e-06
710188308,0,9.4e-05
716574033,0,1.2e-05
713183508,0,9e-06
718583133,0,9.5e-05
783554958,0,3.4e-05
714418158,0,5e-06
710061783,1,0.999964
716225433,0,4.9e-05
788327358,0,8e-06
714847983,0,4e-06
720031908,0,1e-05
713700258,0,6e-06
721265883,0,0.001983
715321008,1,0.999964
717831783,0,5.6e-05
711480108,0,2.3e-05
797638383,0,7e-06
709950858,0,3e-06
717060858,1,0.99998
716045508,0,0.000633
787482033,1,0.999919
719601708,0,3e-06
717683583,0,1.3e-05
813905508,0,1.6e-05
769985883,0,0.463967
718927533,0,3.1e-05
784868958,0,1.8e-05
787539333,0,5e-06
789871233,0,7e-06
826061508,0,3.7e-05
716354883,1,0.999981
717678408,0,6e-06
715341858,0,8e-05
713003358,1,0.999992
713374533,0,2.7e-05
709985133,0,0.000576
771204108,0,3e-06
713758758,0,1.4e-05
709453833,0,5e-06
713227233,0,1.2e-05
714967233,1,0.973271
714358008,0,6.6e-05
779514558,0,5.2e-05
794498733,0,1e-05
793015083,0,1e-05
789212883,1,0.999997
718677858,0,3.7e-05
713675658,0,2.1e-05
719523108,0,4.3e-05
708390633,0,5.2e-05
715098333,0,1.8e-05
712060158,0,7e-06
716831508,0,0.000506
778172583,0,2.4e-05
789430083,0,4e-06
709996833,1,0.998955
708890133,0,0.001161
773332908,0,4e-06
715870758,0,4.4e-05
789363408,0,3e-06
779118708,0,1.9e-05
710544033,0,2e-06
717500133,0,3.2e-05
712046808,1,0.996231
815484783,0,7e-06
713843283,0,3e-06
717260058,0,4.9e-05
773383158,0,6.6e-05
711041508,0,6.1e-05
816843933,0,1e-05
715043508,0,5.3e-05
717241233,0,8.4e-05
717521508,0,2.5e-05
708331758,0,5.7e-05
715571583,0,1.5e-05
711146358,0,9e-05
789594108,0,0.000126
779327733,0,3.8e-05
711391308,0,2e-06
718994583,0,0.000219
718212633,0,1e-06
711861258,0,0.0002
718123608,0,4e-06
718958583,1,0.993698
772207683,0,6.3e-05
719629308,1,0.995469
708303108,0,0.000113
788957358,0,1.1e-05
708727983,0,0.000499
714217908,0,0.000933
708928908,0,0.000433
712411908,0,3.5e-05
771075258,0,0.000178
717866133,0,9e-06
713652783,0,0.000274
714076683,1,0.999997
803963808,0,8.4e-05
778968408,0,2.2e-05
720064158,0,8e-06
778921908,0,8e-06
770878458,0,1.9e-05
786087633,0,3.1e-05
788752833,0,6.9e-05
766006758,0,0.000247
710342508,0,1.8e-05
711422358,0,2.7e-05
778574283,0,2.4e-05
709987683,1,1.0
821168733,0,4e-06
717765183,0,1.5e-05
708723858,0,1.1e-05
720618033,0,6.4e-05
718899708,0,3.8e-05
716437533,0,0.000422
717491058,0,9.1e-05
711029358,0,0.000361
716768808,0,1.5e-05
801056358,0,3e-06
779210283,0,5e-06
718441308,0,1e-06
713241033,0,0.000114
711064008,0,0.00073
772137183,1,0.999946
788739633,1,0.999712
708953883,1,0.999984
716549058,0,7e-06
824789283,0,1.7e-05
788252358,0,2e-06
819752133,0,6e-06
716944983,0,0.000121
716545383,0,0.000181
720836808,0,5e-06
783361533,0,4e-06
710893533,0,0.000364
709793133,0,0.000102
716609433,1,0.999078
715222533,1,0.999971
713597658,1,0.992139
720837708,0,3.6e-05
786546783,0,0.004596
778747608,0,0.00011
801385458,0,1.9e-05
720844008,0,4e-06
754443033,1,0.999437
799486158,0,2e-06
798140283,0,0.001304
772036233,0,0.000238
711427458,0,0.022953
712727283,0,1e-05
710754933,1,0.999964
709938708,0,3e-06
710831133,0,0.001597
715570533,1,0.999905
794576058,0,2.4e-05
786557358,0,5.2e-05
708212658,0,3.1e-05
818993508,0,2e-06
718466883,0,5e-06
717085983,0,5.2e-05
709986633,0,3.6e-05
779348358,1,0.999969
752944533,0,0.000783
712340733,0,0.000157
814459833,0,0.000674
718373658,0,2e-06
771359958,0,0.000135
779198133,0,4e-06
788618208,0,5.2e-05
712288158,0,0.000127
711838008,1,0.999678
710202783,0,6e-06
771976683,0,0.0002
716176683,0,4.3e-05
711278283,0,6e-05
715019883,0,8.4e-05
720292983,0,5e-06
716498883,0,1.3e-05
713798958,0,8.2e-05
716939358,0,6.2e-05
709005633,1,0.999961
795573333,0,1e-06
771069033,0,4e-06
801709308,0,4e-06
716345283,0,5.9e-05
714835833,0,9e-06
779783508,0,3e-06
825767658,0,7e-06
717575958,1,0.999984
720753183,0,6.6e-05
711766758,0,2e-05
711397533,0,2e-06
767058183,0,1.2e-05
788864508,0,2.5e-05
778377183,0,5.2e-05
710844408,0,0.000126
714919308,1,0.999991
708874533,1,0.999997
778356408,0,3e-06
769035933,0,5e-06
771228183,0,3.3e-05
772539558,0,0.000369
714045783,1,0.999996
809797158,0,0.000249
719531133,0,0.000998
719192808,0,9e-06
720662508,0,7.2e-05
820848408,0,1e-06
712412958,0,0.000168
778984383,0,4e-06
712865583,0,1e-06
819997983,0,7e-06
718301508,0,8e-06
789197508,0,0.000149
809459733,0,8.1e-05
813901458,0,1.6e-05
772360683,0,6.3e-05
779725833,0,9e-06
712996833,0,1.1e-05
779681433,1,0.992657
787591008,0,1e-06
712642533,0,3e-06
721051908,0,5.9e-05
715503558,0,3.1e-05
709841433,0,0.000161
710424408,0,0.000492
709592808,0,2e-06
788038383,0,0.000325
714363858,0,1.7e-05
815015283,0,0.000208
771336783,0,1.7e-05
738899658,1,0.999864
796170933,0,0.03226
720992883,0,2.4e-05
712238958,0,2.5e-05
718530258,0,0.000114
711794358,1,0.998633
716366208,0,1.7e-05
770038983,1,0.999908
709937583,0,2e-06
787623858,0,4.2e-05
711676008,0,0.002214
812218908,1,0.999927
720281508,0,5e-06
721139808,0,0.000213
709990983,0,0.00023
718244958,0,0.000195
756639708,0,2.8e-05
718645308,0,2e-06
717389433,0,0.000228
779310033,1,0.999998
717192933,0,1.5e-05
718379358,0,6e-06
779661033,0,7e-06
715880283,0,5.1e-05
719469333,0,2.4e-05
708974283,0,4.2e-05
789859833,0,0.000356
772339383,0,0.000518
716319258,0,5e-06
720330558,1,0.999978
789827208,0,5e-05
751450008,0,2.6e-05
789791808,0,5e-06
717321783,0,5.6e-05
712549758,0,0.001904
712470033,0,0.000605
719291283,0,2e-06
720413658,0,5e-06
709230708,0,0.00134
708384033,1,0.999765
715029333,0,8.9e-05
771040758,0,0.000113
711635358,0,1e-06
716604633,0,1e-04
716438433,0,4e-06
711216933,0,5e-06
713916708,0,6e-06
710106933,0,0.000126
806189658,0,1e-06
770632758,0,0.013327
789238683,0,0.000258
711873033,1,0.99836
720384633,0,1.1e-05
712181658,0,6e-06
714957108,0,1.8e-05
720247158,0,0.000318
772313358,0,7e-06
803652633,0,0.000197
771422883,1,0.999983
718009158,0,1e-06
712612233,0,5.4e-05
709901058,0,3e-06
716682258,0,9e-06
711478233,0,0.014021
720040158,0,5.2e-05
720212508,0,2.5e-05
787605558,0,1e-05
780557658,0,0.001191
709952658,0,6.7e-05
793379058,0,5e-06
716971833,0,0.000112
720997383,1,0.99947
827111283,0,0.001094
769396158,1,0.999973
820085808,0,0.00377
780349833,0,2.8e-05
715964058,0,5e-06
771903033,0,1.7e-05
802668333,1,0.999875
718504983,0,0.00049
714882258,0,5e-06
714211533,0,0.000661
720198183,0,6.6e-05
803587533,0,3e-06
720050208,0,9.3e-05
771058908,0,7.5e-05
708971583,0,6.4e-05
788812608,0,6e-05
805282908,0,7e-06
717403158,0,0.000517
718418958,1,0.999997
721374033,0,8e-06
710849208,0,1e-05
771823308,0,5.3e-05
719019483,0,9.8e-05
769927533,0,1.2e-05
718951683,0,2.7e-05
709666908,0,8e-06
719857008,0,6e-06
788709408,0,2.6e-05
710641008,0,9.1e-05
815812683,0,9.9e-05
717624708,1,0.999996
789398733,0,1e-06
716136333,1,0.999679
715162608,1,0.999944
710822808,0,0.001278
714147858,0,4e-05
767333808,0,5e-05
719654283,0,6e-06
766273533,0,3.5e-05
779601783,0,2.9e-05
711370458,0,5.4e-05
715519983,0,4e-06
788782008,0,0.00019
787595658,0,0.00011
758211483,0,5e-06
710637183,0,7e-06
712144158,1,0.999971
715378383,0,1.1e-05
771061008,1,0.999485
719583558,0,5.9e-05
810986883,0,5e-06
788797983,0,0.000595
815104608,0,0.000171
715369008,0,2.7e-05
713418558,0,0.0003
708332808,0,3.5e-05
719729433,0,9.5e-05
789022233,0,2.7e-05
714234858,0,0.000179
709170108,1,0.999999
779727558,0,0.002163
708245808,0,1e-05
778255083,0,1e-05
718755483,0,8e-05
712627083,1,0.80041
788990508,0,1.1e-05
804437658,0,0.000275
778430733,0,0.000294
808747233,1,0.999913
710555433,1,0.99639
708826158,0,2.4e-05
717023508,0,1.4e-05
719694408,1,0.998964
710014683,0,3.1e-05
815596608,0,7e-06
712721358,1,0.999794
716870583,0,1.3e-05
780076833,0,1e-05
793616883,0,1.6e-05
789105183,0,3.1e-05
817970208,0,2.3e-05
779844408,1,0.999997
719206308,0,2e-05
721269108,0,3.3e-05
772139433,0,8e-06
717042333,1,0.999988
710273658,0,5.7e-05
716626008,0,1e-05
716230158,0,2e-06
713010483,0,1.1e-05
711220683,0,5e-06
721398858,0,6.7e-05
779400183,0,0.000135
789964983,1,0.999845
715102308,0,1.8e-05
712730583,0,0.000556
718870158,0,1.6e-05
719484408,0,0.00045
720244983,0,6.9e-05
781306758,1,0.99996
779412783,0,8.9e-05
721217283,0,8.9e-05
815062383,0,1.9e-05
714155283,0,6e-05
716981358,0,1.8e-05
824915208,0,1.7e-05
708498033,1,0.999932
716860233,0,9e-06
709839858,0,2e-06
713144208,1,0.999988
708573933,0,1e-05
712579983,0,5e-06
790099758,0,7.7e-05
711305208,0,1.4e-05
720062508,1,0.999875
708205083,0,8e-05
772336458,1,0.999899
710986758,0,2e-05
789271533,0,9.4e-05
711360783,0,0.000119
714035283,1,0.999989
720415833,0,2.1e-05
778873608,0,5e-06
718661958,0,0.00073
719026383,0,0.000415
710229333,0,4.6e-05
720437358,0,0.027041
811467708,0,8e-06
778933983,0,2e-05
719413383,0,4e-05
718252533,1,0.998802
718188858,0,2.3e-05
711382458,1,0.9999
721212258,0,3e-06
717600483,0,0.000138
761544333,0,4.4e-05
809425533,0,9e-06
709678608,0,4.5e-05
713151258,0,4.8e-05
715345833,0,3.3e-05
720776508,0,6.5e-05
720689583,0,4.9e-05
801728658,0,7.7e-05
718979733,0,5.5e-05
721163133,0,0.001028
710595783,0,2.5e-05
714781908,0,2.7e-05
709618308,0,6e-06
713971608,0,1e-05
718020408,0,5e-06
716513358,0,0.000361
710401458,0,0.008276
712177908,0,3.5e-05
719216508,0,3e-06
711017433,0,0.000108
788386908,0,4e-05
710819733,1,0.999557
711978858,0,4e-06
807136758,1,0.999996
716138958,0,0.000118
713070033,0,1.9e-05
827055333,0,0.000528
827408058,0,2.4e-05
793608258,1,0.999974
717013383,0,1.5e-05
714320358,0,0.014522
716948283,0,7.6e-05
717657333,0,0.009511
788687133,0,0.000549
710736558,0,8.3e-05
708721533,0,0.000503
817108083,1,0.999923
719737833,0,0.000176
813967983,0,3e-06
771464808,0,1.5e-05
713025558,1,0.999031
779016408,0,0.000104
712096758,0,8e-06
789523683,0,4e-05
713177808,0,5e-06
718777008,0,0.000332
711004533,0,4.9e-05
720046458,0,3.9e-05
710453283,0,0.029197
708736608,1,0.999981
778908783,0,5e-06
716056158,1,0.999997
773257233,0,8e-06
711371208,0,5e-06
711831558,0,7e-06
712164333,1,0.99999
780126033,1,0.999606
821889858,1,0.999977
779656908,0,1.1e-05
766821033,1,0.999403
789196158,0,0.000621
714228558,0,3.4e-05
827360883,0,6.8e-05
712815858,0,0.000135
714533058,0,1e-06
790149483,0,3.6e-05
771584658,0,2.9e-05
814181433,0,9.4e-05
788761608,0,2.2e-05
709009833,0,7.7e-05
708244458,0,0.000105
797998158,0,1.3e-05
808279158,0,7.8e-05
804601833,0,8.2e-05
789690483,0,0.000307
819109308,0,0.000238
739317558,0,7e-06
721305408,0,8.4e-05
716535408,0,8e-06
719391783,0,2.1e-05
780602733,0,4e-06
789556533,0,1.8e-05
713422083,1,0.999972
721506708,0,8.2e-05
715774833,0,0.000218
714962658,1,0.999998
783561558,0,3.6e-05
826709658,1,0.999986
790017858,0,0.000141
712319958,0,0.000112
717483558,0,1.7e-05
713985183,0,1.6e-05
708404883,0,0.000611
717208833,1,0.999743
816091608,0,2e-06
709087983,0,0.000442
710763783,0,3.7e-05
719018208,1,0.999961
713976258,0,5e-06
709554483,0,2.3e-05
794485158,0,5e-06
718795083,0,5e-06
826451433,0,1.1e-05
826717533,0,5.5e-05
715294083,1,0.989185
779187783,0,1.2e-05
719513733,0,1e-05
709816158,0,0.000497
711720408,0,2.4e-05
714960408,1,0.999992
770746908,0,5e-06
716101308,0,0.000102
809825358,0,4e-06
719826333,0,2.3e-05
710207208,0,0.000105
720128658,1,0.999262
780727833,0,0.000318
802247658,1,0.996016
717787533,0,0.003499
721115733,0,8e-06
709446783,0,0.000181
784719708,0,3e-05
718570158,0,0.00097
709965858,0,5e-06
757594083,0,2.5e-05
789599283,0,2.3e-05
718947558,0,4e-06
721147383,0,7e-06
720683958,0,0.000347
780657708,0,0.000249
713935533,0,3e-06
713948808,0,5.9e-05
715406658,1,0.999936
772640808,0,3.6e-05
708496833,1,0.999747
804847308,0,9e-06
716931183,0,1e-06
714030183,0,0.000806
809296308,0,1.8e-05
708358683,0,1.7e-05
794664183,0,5e-06
712475733,0,0.0087
708770883,0,5.7e-05
821339433,0,2e-06
709206333,1,0.999794
806914158,1,0.999998
709607733,0,5e-06
712843983,1,0.999246
780511683,1,0.990299
709161108,1,0.98561
708272808,0,2.5e-05
708680583,0,5.1e-05
708712833,0,6.5e-05
711947358,0,1.8e-05
719634408,0,3.4e-05
718267233,0,0.001529
715479483,0,0.000132
711164508,0,5e-06
719294433,0,1.2e-05
714412308,1,0.999978
716434533,1,0.999985
719061933,0,0.000355
719091333,0,8.2e-05
716573058,1,0.999983
740784258,0,4e-06
711863433,0,0.000557
780529908,0,5.6e-05
715132758,0,7e-06
713934633,1,0.999492
827423433,0,4.7e-05
708385533,1,0.999871
789407958,0,1.1e-05
712589658,0,7.1e-05
714759708,0,5.1e-05
826068183,0,0.000152
709913733,0,0.001248
789744033,0,0.000108
710926383,0,3.9e-05
714052158,1,0.999914
714900408,0,0.024882
787532808,0,2e-06
802449933,0,1.4e-05
755996583,1,0.99999
709625733,0,1.4e-05
719686458,0,0.016824
708642708,1,0.999999
790082508,0,0.000127
713205108,0,2e-06
710838108,0,0.000852
714427608,0,2e-06
711655683,0,2.8e-05
826168083,0,6e-06
708553008,0,0.033316
719554758,0,2.4e-05
820383558,0,1.9e-05
817293258,0,3.7e-05
709275558,0,0.00041
816078708,0,2e-06
719490108,0,0.000708
710410158,1,0.993571
813961233,0,3e-06
714259533,0,4.2e-05
713550483,0,0.000113
719073483,1,0.999431
710428308,0,2e-06
779340183,0,0.000219
788820933,0,1e-06
798022683,1,0.999939
717273333,0,1.4e-05
713952558,1,0.985198
712545183,0,0.007214
789611283,0,3.4e-05
713339283,0,1e-05
721032633,1,0.999975
719953383,0,4.4e-05
712814658,0,6e-06
711764733,0,0.000682
715915458,0,1e-05
720712533,0,9e-06
709984083,0,6e-06
719268333,0,1.9e-05
790048158,0,0.001379
717856983,0,0.000101
715545933,0,1e-06
709861008,0,1.4e-05
712863183,0,0.000239
712423233,0,2e-06
711648708,0,6.7e-05
714864333,1,0.999977
788830683,0,5.6e-05
719358333,0,0.000824
789541458,0,1.1e-05
711589758,0,4e-06
711574008,0,0.000333
779548008,0,0.000181
801037833,0,1.3e-05
720924633,0,0.001645
718596858,0,0.00515
737967708,0,2e-06
798110358,0,0.003049
789582483,0,2e-06
710529708,0,0.000662
789526458,0,0.000356
711039633,0,0.008504
828294933,1,0.999074
720422358,0,6.6e-05
720252858,0,0.010594
788966958,0,7.8e-05
714435408,0,6e-06
713453733,0,1.1e-05
711208083,0,5e-06
721220583,0,5e-06
720205608,0,3.4e-05
789983133,0,0.000158
787581858,0,5.2e-05
708705783,1,0.998523
717234183,0,0.000408
808705758,0,1e-06
711183558,0,0.005857
812979408,1,0.999983
715354008,0,0.000114
721062408,0,0.015122
712410858,0,9e-06
779116158,0,0.001144
712866933,0,7e-06
710411358,1,0.999905
771881283,0,1.9e-05
715363908,0,0.006926
789560433,1,0.999636
709752183,0,3.3e-05
807161508,0,0.00059
708393633,0,0.000139
771886233,0,4e-06
716930133,0,0.000597
809937933,0,4e-06
816596583,0,0.00018
718803333,0,7.9e-05
795237183,0,1.9e-05
720419358,0,4.3e-05
719514783,0,5e-06
780374133,0,9e-06
810868758,0,4e-06
714286383,0,8e-06
708588408,0,3.4e-05
813338733,0,2e-06
788826408,0,8e-05
713134458,0,0.000119
716350008,0,3e-06
738062658,0,9e-06
709449333,0,1e-06
718665933,0,5.1e-05
748503708,0,5.1e-05
807141183,0,0.00025
766381908,0,8e-06
822112383,0,9e-06
709061658,0,0.000124
797166633,0,4e-06
789435783,0,0.000102
708266883,1,0.999904
716793108,0,3e-05
712253058,0,1.2e-05
716430933,0,6e-06
715746633,0,0.007087
714842208,0,1.7e-05
713879283,0,0.000144
778679883,0,0.000183
712110333,1,0.999982
720724008,0,8e-06
708387933,0,0.000304
712165308,0,8e-06
720283758,1,0.999689
708473133,0,0.000162
810493458,0,0.000156
711122958,1,0.999728
721502958,0,0.00035
715908558,0,0.000101
711594858,0,3.7e-05
789513858,1,0.999983
712795833,1,0.999425
719628033,0,0.00053
718282983,0,9e-06
714121983,0,1e-05
709791333,0,1e-05
779916408,0,0.00011
711657783,0,1.8e-05
780203883,0,9e-06
709367433,0,0.000385
736145283,0,2.9e-05
711516783,0,0.000536
712104333,0,0.000176
711116133,1,0.999987
712988958,0,2.7e-05
771201408,0,6e-06
712011633,0,5e-06
713579733,0,6e-06
796544133,0,0.000219
709272333,0,2.3e-05
715153158,0,3.5e-05
779342958,0,0.000161
810545733,0,2e-06
805453908,0,1e-06
817086783,0,6.7e-05
714943233,0,9e-06
789097833,0,3.9e-05
759584958,1,0.999661
708886533,0,1e-06
708761733,0,0.024531
711600033,0,0.000351
769935783,0,6.7e-05
717446208,0,1e-05
721121283,0,1.4e-05
819151083,0,1.3e-05
716470683,0,2.9e-05
779643858,0,8.6e-05
787665258,1,0.999984
787475433,0,0.000229
717448383,1,0.999822
710812533,1,0.99997
716461683,0,9e-06
814571058,0,3.4e-05
712071708,0,0.001958
720769533,0,0.0003
794581533,0,1.5e-05
715732533,1,0.998636
708286683,0,1.1e-05
708543258,0,2.7e-05
713809833,0,2e-06
793636308,0,1.1e-05
789095958,1,0.999798
757722708,0,3.6e-05
738627708,1,0.999866
820353558,0,0.000219
718739508,0,0.011926
788943333,1,0.9452
708397008,0,2e-06
711392508,0,8.8e-05
780653208,0,1.1e-05
710251608,0,0.000827
719354433,0,9e-06
710676483,0,0.00028
826414083,0,8.4e-05
720673008,0,7.5e-05
716736858,0,4e-06
715660308,1,0.99984
785387883,0,4.6e-05
721028283,0,1.4e-05
717797658,0,0.000242
712390683,0,0.03085
717965808,0,6.3e-05
721514883,0,0.000101
718477983,0,8.2e-05
719671383,0,7.7e-05
711191808,0,0.000272
708637758,0,0.00037
794675058,1,0.999992
720508233,1,0.502355
713094483,0,0.001254
780064983,0,8.3e-05
710155158,1,0.999827
710904708,0,8e-06
801715383,1,0.999998
806889633,0,0.000246
794831733,0,4.4e-05
712019883,0,4.3e-05
770956158,0,5.2e-05
778386033,0,0.011983
708147108,0,2e-06
710310108,0,4e-05
771982083,0,2.2e-05
714754533,0,2e-06
717626508,0,3e-05
718328283,0,0.000119
716739258,0,0.000199
714277758,0,0.000623
720210483,0,9e-06
720411183,0,6e-06
711379083,0,2e-06
798558783,0,1e-06
713363583,0,2e-06
720339558,0,5.9e-05
715008858,0,1e-05
779037408,0,0.001251
721513833,0,4e-06
714311583,0,4.1e-05
797414733,0,0.004623
716864733,0,4e-05
712924383,1,0.999501
719854008,0,0.002454
771630783,0,2e-05
771471708,0,3.4e-05
769463433,0,6.7e-05
711377808,0,3.5e-05
713133258,0,1e-04
718162908,0,0.005208
713257083,0,3e-06
772687983,0,1e-06
711535158,1,0.999776
799700208,0,1.1e-05
717177783,0,0.000203
711402333,0,1.8e-05
714304458,0,0.000287
713347608,1,0.999855
718303683,1,0.999959
714317058,0,8.6e-05
718152333,1,0.999957
716385033,0,4.1e-05
720674133,0,0.001007
719153433,0,2e-06
712765158,0,0.002276
713229633,1,0.999917
712256358,0,0.000129
717656433,0,1.1e-05
771081558,0,6e-06
710702733,0,0.000219
779612808,0,0.000162
713904708,0,2e-06
716546283,0,0.000139
711670308,0,0.00018
710856558,0,1.1e-05
713639958,0,0.000148
716987358,1,0.999977
720008133,0,1e-05
710084883,0,2.4e-05
816476658,1,0.987371
778486008,0,2.9e-05
769053033,1,0.999991
716171358,0,2.9e-05
772684833,0,3.1e-05
709485033,0,4e-06
713352183,0,1e-04
712557708,0,8.4e-05
821149008,1,0.9999
711816108,1,0.999992
712532058,0,0.000273
718811058,0,9e-06
713696808,1,0.999995
753233733,0,5e-05
717030633,0,2.4e-05
718320933,0,1e-06
714608583,1,0.999923
715942683,0,1.2e-05
771356508,0,8e-05
711326583,0,0.00338
714621183,0,3e-06
712805658,0,4e-05
808981608,0,4e-06
718337733,0,3.5e-05
715921758,0,8e-06
779803008,0,1e-05
717195933,1,0.999999
712562433,1,0.999981
769578108,0,1.2e-05
715442958,0,3.4e-05
708402333,0,6.5e-05
719334408,0,0.000579
788246958,0,2.9e-05
780336258,0,3.8e-05
772706283,0,3e-06
780684933,0,1e-06
712927383,1,0.999999
712820208,0,1.1e-05
721434483,0,7.2e-05
720659283,0,6.2e-05
716004258,0,3e-06
713111883,0,0.000312
772248408,0,0.000184
787492908,0,3e-06
718227033,0,7.6e-05
711320508,0,1e-05
718828083,0,1e-05
709823733,1,0.998906
772116408,0,6e-06
717355533,0,4e-06
715932708,0,3.1e-05
719679858,0,0.002217
772323033,0,1e-05
714168183,0,0.00012
710719683,0,1.5e-05
719876808,0,9.7e-05
778894233,0,3e-06
712881483,0,0.018734
789481233,1,0.999943
714767508,0,0.000149
789144633,0,0.000292
710635083,0,0.001475
711557508,0,4e-06
720650208,0,0.000389
810856833,0,2.8e-05
712828533,0,0.091163
714503433,1,0.999998
817245183,0,1e-06
709106358,0,0.000138
720179883,0,6.9e-05
816756783,0,1.3e-05
812501358,0,3.1e-05
717203958,0,5e-06
719661558,0,0.000203
716297658,0,0.002418
756065433,0,0.000729
717076458,0,0.000696
716586408,0,0.000135
719776608,0,0.012704
710268858,0,8e-06
719400108,0,3.8e-05
715398858,0,0.001266
717359208,0,3e-06
788595183,0,0.000177
772082208,0,2e-05
720770883,0,0.000448
716263533,0,4e-06
719848008,0,2.3e-05
717073308,0,0.000109
716277558,0,0.000636
712010358,1,0.999555
709319658,1,0.999741
794665608,0,0.000856
708997833,0,9e-06
717135333,0,3.2e-05
795784008,1,0.99991
711728208,0,8e-06
737925558,0,1.7e-05
719147208,0,4.8e-05
715941633,0,0.000257
714078558,1,0.999959
719453283,0,2e-06
794507133,1,0.999971
710790258,0,2.3e-05
755953308,0,3.4e-05
712710708,0,5.4e-05
717843783,0,2.3e-05
710297133,0,6e-06
716222808,0,5e-06
714069858,0,0.000388
787659483,0,8.3e-05
757167633,0,6e-06
717207408,0,9.3e-05
778224858,0,1e-06
709103358,0,1.7e-05
816829608,0,0.000679
719838558,0,4e-06
718161708,0,0.008191
717382608,0,1.8e-05
711762408,0,3e-06
811571733,0,0.001404
779403558,0,0.00013
718399233,0,0.000425
711343233,0,0.000697
779536233,0,3.5e-05
718893333,0,1.1e-05
716697708,1,0.99999
708788583,1,0.999892
713808633,0,0.00025
721210158,0,0.00012
789666333,0,1.4e-05
710872233,1,0.550834
780497958,0,8.5e-05
798047583,0,0.000433
817089408,0,5e-06
787472283,0,3e-06
801786483,0,0.000257
709040508,0,4e-06
709257708,0,9e-06
753118533,0,1.3e-05
812222208,0,0.000329
714187533,0,0.002018
789180933,0,7.9e-05
718140783,0,0.000187
713924283,1,0.983022
713236458,0,5.4e-05
816315558,0,0.000624
770135358,0,7e-06
714284358,0,7e-06
712965183,0,5e-06
713668158,1,0.934562
784819758,0,9e-06
712025958,0,7e-06
713653983,0,3e-06
712619808,0,5.3e-05
710086308,0,2e-06
711781233,0,0.000266
708254733,0,0.000595
788930358,0,0.0002
714361083,1,0.999941
713253858,1,0.99997
771020133,0,0.001473
719593608,1,0.999924
714407058,0,0.000146
721282908,0,0.000757
771507258,0,5.1e-05
716285358,0,1.6e-05
711985833,0,0.331138
717182883,0,4.8e-05
714618333,0,6e-06
709443633,0,3e-06
778180158,0,3.4e-05
713755458,1,0.999982
767269908,0,6.8e-05
778231983,0,2e-06
769911858,0,3e-05
711866358,0,1.5e-05
774437583,0,1.4e-05
711232608,1,0.999966
721315233,0,6e-06
713401758,0,5e-06
769438608,1,0.999993
713172408,0,1.1e-05
778425408,0,7.3e-05
718611333,0,5e-06
771400608,0,4.4e-05
719990358,0,0.000165
714250908,1,0.999991
715992558,0,4e-06
713181558,0,0.000109
793597833,0,4e-06
816013383,1,0.999962
715518783,0,3.5e-05
779353083,0,0.003057
719881533,1,0.99983
792864858,0,4.1e-05
808681158,0,0.000996
717390408,1,0.998521
720551733,1,0.999989
772273983,1,0.999992
720648483,0,0.000143
721486908,0,1.2e-05
716657058,0,2.8e-05
713630733,0,0.00398
718586133,0,7.3e-05
717482658,0,3.7e-05
718503108,0,0.00015
714148758,0,0.09501
708902883,0,5.8e-05
771499233,0,7e-06
714113658,0,0.000143
713231658,0,1.2e-05
708319908,1,0.999991
715629783,0,3.4e-05
820587258,0,0.000426
771852483,0,0.000162
712578933,1,0.999929
711263058,0,2.3e-05
779405133,0,8.8e-05
716094333,0,4e-06
778837083,1,0.999252
712434708,1,0.999985
771431133,0,0.000109
709716258,0,7e-06
710464683,0,1.7e-05
787543008,0,2.4e-05
709363383,0,2e-05
817988433,0,2e-06
717189183,0,5e-06
710854008,0,0.000933
714531108,0,1.5e-05
778420383,0,1.2e-05
809068983,0,8.3e-05
713131158,1,0.999958
709649958,1,0.999607
754886958,0,1.8e-05
713476758,0,4e-06
709473708,0,5e-05
708190158,1,0.969089
719813058,0,6.7e-05
708158133,1,0.999937
815826708,0,6.7e-05
712682583,0,1.9e-05
714917583,0,1.2e-05
711577458,0,1.7e-05
717623583,0,4.9e-05
708899283,0,0.000715
720249183,0,4e-05
718653333,1,0.999999
721424583,0,8e-06
708451233,0,0.000317
788122533,0,0.000912
708298233,1,0.998672
711935283,1,0.999774
769892058,0,5.2e-05
717954333,0,4.7e-05
820108008,0,8e-06
712840608,0,6.1e-05
817240833,0,6.2e-05
771051783,0,0.001865
779895108,0,2.4e-05
714811533,0,9.2e-05
714945708,1,0.999694
712925808,1,0.999736
712302783,0,7.1e-05
710725383,0,2.4e-05
708710283,0,1.4e-05
708382083,0,0.000231
767404083,1,0.999993
773297508,0,0.000131
717478983,0,0.000155
709679658,0,6e-06
721427358,1,0.999972
718178583,0,4.2e-05
718489608,0,2e-05
721349883,0,0.005512
787505133,1,0.999939
711521958,0,7e-06
708271833,0,0.000527
711242058,1,0.999981
718524783,1,0.999898
715050408,0,5.2e-05
757527033,0,0.000904
717580458,1,0.999908
714938733,1,0.999966
719170683,0,6.8e-05
715347783,0,0.000885
790108908,0,1.2e-05
789218433,0,0.000145
789469083,0,0.000132
715797783,0,0.000731
713761608,0,0.000166
771669183,0,1.2e-05
779521533,0,1e-06
715554708,0,0.000201
767687208,0,3e-06
708655983,0,0.001632
720729108,0,3.4e-05
708722583,0,1.7e-05
715371108,1,0.999902
797238108,0,6.8e-05
718640508,0,0.001867
709487058,0,2.9e-05
712948383,0,5.5e-05
708469533,0,1.4e-05
709104333,0,0.005809
755420433,0,2.5e-05
718996758,0,7.9e-05
719445633,0,5e-06
709231683,0,0.000284
708846183,0,8e-06
826723308,0,4e-06
710825658,0,8e-06
796931508,1,0.999975
808753758,0,5e-06
789494133,0,0.000185
816312633,0,0.000838
720029508,0,7.1e-05
714971583,0,2e-06
789325008,0,4.7e-05
713287608,0,0.001266
754872333,0,0.00058
713573508,1,0.999973
718875483,0,3e-06
780237033,0,0.000122
710363433,0,8.3e-05
795232683,0,1e-06
719577258,1,0.999954
717400533,0,0.000532
713047608,1,0.999892
716645883,0,5e-06
709707033,1,0.999938
711112683,0,0.000285
799723908,0,1e-06
712290258,0,6.1e-05
710462433,0,1e-06
812446158,0,7.5e-05
788741733,0,3e-06
780201633,1,0.999986
713656308,0,0.001828
710749458,0,3.1e-05
817142433,0,8.7e-05
789491058,0,0.004187
812488608,0,2.9e-05
710563458,0,1e-06
716013858,0,0.000104
717890583,0,6e-06
789540108,0,9e-06
708753633,0,0.000115
772776033,0,0.00011
751283658,0,9.5e-05
711237633,1,0.999948
817197333,0,0.009973
718737708,0,0.000484
710507733,0,8e-06
712979133,1,0.903561
717975333,0,0.000105
787563858,0,3e-06
779442783,0,7e-06
720608658,0,4e-06
714524583,1,0.999921
713580633,0,0.002921
712214283,0,6e-06
720190083,1,0.999997
718394658,0,1.2e-05
708615183,0,1.1e-05
827476983,1,0.995678
803335008,0,1.6e-05
711658758,0,1.5e-05
721232058,0,0.000323
809599158,1,0.999964
717127083,0,2.4e-05
709243533,0,5e-06
711267633,1,0.999988
809849358,1,0.999891
720708183,0,8e-06
805259733,0,0.000408
712660308,1,0.999968
714296358,0,3.9e-05
823578483,0,1.3e-05
709749483,0,4.1e-05
715215108,0,1.2e-05
718415133,0,0.000195
710500983,1,0.998164
714970458,0,6e-06
708931908,0,4e-06
749571633,0,2.4e-05
801508383,0,5e-06
717185658,1,0.999966
812618883,0,6.6e-05
819002508,0,4e-05
710218233,0,3.1e-05
719344608,0,0.00085
718464258,0,8.8e-05
710512833,0,7.7e-05
718032483,0,6e-06
710159658,0,7.1e-05
715765758,0,0.000203
811700058,1,0.989488
806824908,0,6e-06
712428333,0,7e-06
710971908,0,1.8e-05
718011783,0,1.6e-05
721399833,0,1.3e-05
710975883,0,4.4e-05
712420833,0,0.000144
803115258,1,0.999979
721005108,0,4e-06
788610258,0,1.5e-05
716159958,0,3.7e-05
789231858,0,4.1e-05
719123958,1,0.999998
719337408,0,0.005307
779486433,0,1.7e-05
817337958,0,0.001702
712774908,0,0.00095
813234108,0,0.00067
792524358,0,0.000109
719282433,0,3.6e-05
720299283,0,4e-06
709479558,0,1e-04
716102583,0,8e-05
713733633,1,0.919132
795155433,0,1e-06
711783483,0,4e-06
721532583,1,0.999521
714753258,0,1.8e-05
721055058,0,3.6e-05
720510333,0,2.2e-05
718146258,0,0.000504
715664808,1,0.999986
719964933,0,2.6e-05
709173108,1,0.999997
719722308,0,0.002357
719666283,0,3.4e-05
780006783,1,0.999999
715601808,0,6.1e-05
769720683,0,4e-06
765692658,0,3.4e-05
717819633,0,1e-06
718699683,0,2.7e-05
797169633,0,6.7e-05
710636208,0,0.000205
709309308,1,0.999826
819690933,0,1e-05
711615933,0,1.5e-05
714933783,0,3.9e-05
778643733,1,0.999851
712867983,0,0.007185
718939083,1,0.999979
713512308,1,0.992081
790123983,0,1.4e-05
711153783,0,1.4e-05
744483633,0,0.000599
719971458,0,6e-06
716506083,1,0.99994
716329383,1,0.998367
719719158,0,0.000236
716107158,1,0.910284
714477408,1,0.993481
773146383,0,0.002214
708635058,0,5e-06
803421108,0,0.000131
716210283,0,2e-06
711315783,0,0.000167
712489158,0,0.000239
718576908,0,1.3e-05
753208833,0,0.000934
798546408,0,7e-06
827114058,0,6.8e-05
771453033,0,0.001182
718452633,1,0.999989
718026858,0,8e-06
721181883,0,0.000105
717609633,0,2.7e-05
710927733,0,0.000119
711551958,1,0.999976
716365233,0,2.8e-05
783121008,0,4e-06
716780283,0,0.000287
718471758,0,2.6e-05
756571983,0,0.003465
714700158,0,2e-05
794191008,0,1.1e-05
711000933,0,1e-06
789025083,0,6e-06
717074283,1,0.999653
714243408,0,5.8e-05
716462658,0,0.000953
719944458,0,8e-06
718866633,0,2.7e-05
714247458,0,1.6e-05
783910008,0,1.4e-05
714294183,1,0.999995
789530208,0,0.000193
714389058,0,1.4e-05
772661808,0,3e-06
710135058,0,1.4e-05
716805408,0,1e-06
789304983,0,0.000412
743912958,0,3.4e-05
715311183,0,4e-06
720264783,0,3e-06
788771733,0,2e-06
711724083,1,0.999604
717628608,0,0.002127
712319058,0,4.4e-05
772231233,0,0.000829
715315008,0,0.00116
778853358,0,0.000329
714581358,1,0.999993
710810883,0,5e-06
709879458,0,3e-05
811970808,0,2.6e-05
720015183,0,3.3e-05
708907833,0,1.2e-05
826261008,1,0.999981
794682483,0,3.2e-05
708098133,0,1.3e-05
711069483,0,0.000263
709537683,1,0.99972
710770383,0,0.001277
809811858,1,0.999985
772216833,0,1e-05
717830583,0,5e-06
713779908,0,7.7e-05
712507758,0,0.000109
716093133,0,2.4e-05
817382958,0,6.7e-05
714400308,0,7e-06
789466008,0,4.8e-05
710289783,1,0.998362
712659408,0,1e-06
788791383,0,0.000872
709822008,0,2.4e-05
816615633,0,0.003272
718521258,0,0.000183
713533983,0,7.3e-05
709444983,1,0.999958
717405408,0,8e-06
753226158,0,2e-06
780384483,1,0.999159
720096558,0,0.000109
778567983,0,4.1e-05
711649908,0,5e-06
718038483,0,1.3e-05
719519058,1,0.999973
770985633,0,0.000196
713600958,0,0.000265
719801508,0,1e-06
713686008,0,4.2e-05
720401658,1,0.999802
715572783,0,0.000135
817908783,0,1.6e-05
712361583,0,3.9e-05
709108533,0,1.1e-05
718490658,0,0.000162
790006383,0,0.000548
710744433,0,0.001482
780865308,0,0.001958
716643033,1,0.999999
789241308,1,0.999992
721344858,0,0.002673
717050883,0,8e-06
788979258,0,6.8e-05
719125158,0,0.015872
709545333,0,2.6e-05
721165608,0,0.000132
714652383,0,1.2e-05
737921733,0,0.138924
804428958,0,3e-06
720075558,0,0.000206
769676358,0,4e-06
716378658,0,0.009976
714479358,1,0.99997
712141683,0,0.000284
710005683,0,5e-05
721228308,1,0.999998
758833758,0,0.047547
787565433,0,0.000837
780253533,0,0.00078
714595983,1,1.0
709547658,1,0.999987
711801933,1,0.999991
715808808,0,0.000109
711294258,0,2.3e-05
708542283,0,8.5e-05
787514433,0,8.3e-05
779773533,0,0.000127
807964908,0,3e-06
757753083,0,0.000626
779331558,0,0.000311
799026633,0,0.001393
719898108,0,1.4e-05
711252258,0,1.8e-05
719724933,0,2e-05
715413483,0,2.7e-05
751518633,1,0.999806
742552683,0,5e-06
756598833,0,0.000344
794562783,0,0.000105
779942808,0,5.7e-05
789151983,0,2.7e-05
779598183,0,3.8e-05
720714933,0,1e-06
708536283,1,0.999705
714548733,0,5.3e-05
713796033,1,0.999306
770817783,0,1.7e-05
716032233,0,7e-06
719806233,0,1.4e-05
712835433,0,5.4e-05
713975433,0,5.2e-05
715076358,1,0.999907
720731808,1,0.968776
714616308,0,4e-06
717502083,1,0.999819
789362058,0,4.5e-05
794530608,0,0.001401
709007883,0,2.6e-05
709219533,0,8.9e-05
787723758,0,1.9e-05
710968008,0,8e-06
780638958,0,5e-06
716951658,0,0.000243
715956258,0,0.001288
785119833,0,0.004049
710723958,0,0.000282
714011358,0,4.6e-05
717724233,0,0.000262
754671558,0,0.001008
794514108,0,4.9e-05
719385558,0,0.009181
712637283,0,0.000207
714222183,0,5e-06
709175208,0,1.1e-05
717112533,0,0.019571
714426783,0,1.5e-05
721448283,1,0.999967
782548758,0,3.4e-05
717561108,0,1.1e-05
720585183,0,0.000376
714643983,0,1.3e-05
712291308,0,1e-05
713036208,0,1.4e-05
709979583,0,0.000761
717517758,0,6e-06
717271983,0,2e-06
718528008,0,2e-05
719118708,1,0.999433
708657033,0,1e-06
717489033,1,0.999194
818926833,0,0.014755
708338958,0,6e-06
827683383,0,1.5e-05
717099408,0,6.1e-05
716878533,0,0.000119
797410983,0,0.000177
789625383,0,0.001099
709701558,0,4e-06
708334158,0,5.8e-05
710638233,1,0.999091
794496033,0,1.6e-05
709738008,0,8e-06
808756458,0,1.4e-05
710982858,0,1.3e-05
718451133,0,4.4e-05
717991533,0,1e-06
713104458,1,0.999998
715783758,0,1e-06
716891583,0,4e-06
714557583,0,0.000559
714840858,0,2.3e-05
788911458,0,8e-06
712521783,0,0.000379
716756133,0,2.8e-05
793550958,0,3.3e-05
768687183,0,5e-06
778170633,0,1e-06
789307833,0,0.000159
718291233,0,3e-06
718984533,0,1.6e-05
794293908,0,0.000481
708829758,0,0.000261
717016833,0,0.000179
711339258,0,1.8e-05
708754833,0,9e-06
716773533,0,0.000141
788896983,0,7e-06
715694433,0,1.3e-05
708403308,0,0.000631
715511658,0,3e-06
717327783,0,9.6e-05
717384183,0,5.3e-05
818929158,0,0.001142
789539058,0,0.000505
718357458,0,0.001946
709530408,0,0.000249
826245858,1,0.997641
716800908,0,0.000194
714425283,0,1.8e-05
718345233,0,0.022014
713128833,0,0.003313
769577358,0,9.7e-05
758824608,0,4e-06
716742483,0,0.000263
710905908,0,2.9e-05
712902483,0,1e-06
772105608,0,3.8e-05
809951133,1,0.94767
710015733,1,0.999973
716893683,1,0.999936
788808633,0,3.6e-05
714100008,1,0.999315
717211608,0,0.00024
711008508,0,5e-05
712899333,0,0.000345
714091983,0,2.7e-05
802878408,0,0.000595
715958583,0,1.3e-05
716142858,0,2.7e-05
720449208,0,8e-06
739021908,0,4.9e-05
817035108,0,4.8e-05
718957083,0,1e-05
712084383,0,5e-06
771952683,0,3.8e-05
719782458,0,4e-06
721164483,0,4.8e-05
806989008,0,9e-06
709624533,0,0.001128
710570058,1,0.998558
713114133,1,0.999901
771224358,0,9.1e-05
809440008,1,0.999999
785515533,0,0.000279
713709258,0,9.1e-05
708104658,0,0.001714
817958733,0,1.5e-05
721183983,0,1.6e-05
810220833,0,1e-05
713373708,1,0.999972
715710708,0,1e-06
717443658,0,3.4e-05
717915783,1,0.999947
779217333,0,5e-06
710794983,0,4e-06
795855258,0,0.000356
788719533,0,0.271754
720782658,0,2e-06
720034983,0,0.000702
713536158,0,1.2e-05
755262933,0,0.000548
719136183,0,9e-06
715898058,0,9.6e-05
716315508,1,0.99982
788667408,0,0.001261
768949983,0,0.001017
778882758,0,5e-06
709465758,0,3.7e-05
719781183,0,1.2e-05
720101658,0,0.003424
713782608,0,4.2e-05
802101858,0,0.001873
708757233,0,1e-05
709711758,1,0.999931
772000533,0,9.4e-05
720827133,1,0.999989
789903708,0,1.8e-05
719855958,0,6e-06
713254983,0,3.7e-05
709120008,0,0.012404
720927183,0,6.5e-05
716875083,0,0.000148
716988633,0,0.000233
711553308,0,3.6e-05
788802483,0,2e-06
708908883,0,1.2e-05
712644483,0,1.4e-05
716311683,0,5.7e-05
779707308,0,0.000554
720595083,0,5.1e-05
715034358,0,2.4e-05
720897783,0,1.1e-05
826513233,0,4.5e-05
826065258,0,7e-05
772426383,0,2e-06
717972408,0,1.2e-05
708888633,1,0.999994
714916758,0,0.000138
710888883,0,2.1e-05
717296808,0,3.7e-05
713847858,1,0.999919
768728508,0,4e-06
762020133,1,0.999996
710706558,0,0.045782
709278258,1,0.99472
710679933,1,0.998551
713152383,0,0.000121
771429408,0,9.2e-05
770721858,0,5.8e-05
778686408,0,4.3e-05
771682533,0,0.000144
712378983,1,0.979287
714615258,1,0.999969
713027058,1,0.99998
789485433,0,3e-06
716368008,1,0.997319
771935283,0,3.4e-05
779315508,1,0.999155
794843883,0,5.9e-05
822084333,1,0.999611
714893733,0,0.000359
719474583,0,0.002814
717141858,0,1.5e-05
712714008,0,4e-06
719570733,0,0.000121
720980958,0,2.3e-05
720964683,0,0.000155
718263108,1,0.988241
789101883,0,0.000282
809292483,0,0.000143
778973658,0,1e-04
708560733,0,4.5e-05
721171008,0,0.000499
781297983,0,0.000199
778228458,0,0.000643
797668983,0,1.5e-05
713492583,1,0.999959
715799808,1,0.999902
711647808,0,5.4e-05
720840108,0,5.2e-05
711349083,0,0.017169
721247883,0,2e-06
720497958,0,0.000214
719466558,0,0.000172
753220383,1,0.999959
757481283,0,6.9e-05
778506633,1,0.999992
819634233,1,0.999995
753795633,1,0.999943
715435758,0,1e-06
772063308,0,2.3e-05
718205283,0,8e-06
720863133,0,1.3e-05
709288383,0,5e-06
709213458,1,0.999979
708670608,0,9e-06
709150608,0,0.001155
713105508,0,0.000274
716303583,0,2e-05
787669233,0,2e-05
771488583,0,0.000173
708269583,0,1.1e-05
779809908,0,1.9e-05
720973833,0,0.000237
720236433,0,1.5e-05
717895833,0,7e-06
718921683,0,9e-06
713828208,0,0.000816
779241783,0,1.8e-05
797241108,0,2.4e-05
716635758,0,6.1e-05
714536208,0,0.00076
709372608,0,3e-06
769574883,0,0.059842
718286658,0,9e-06
714839808,0,3e-06
718342158,1,0.999924
778573233,0,5e-06
715680933,0,2.6e-05
708396033,0,9e-06
713356833,0,0.000272
814593858,0,6.3e-05
771592458,0,8e-06
827631483,0,1.1e-05
811721133,0,1.2e-05
720443358,0,2e-06
709477233,0,4e-06
711942783,0,0.000295
768848658,0,0.000111
788772708,0,1.4e-05
717109983,0,1.1e-05
712128258,0,0.00052
720621408,0,0.012109
710295858,0,7e-06
714647808,0,9.1e-05
712374708,0,1.2e-05
715547058,1,0.999997
720539583,0,3.4e-05
712952283,0,9e-06
710475408,0,6e-06
715007583,0,1e-05
713061558,0,0.024942
772288758,0,3.6e-05
713977308,0,1e-06
801064833,0,3.2e-05
708129933,0,0.000145
789167658,0,0.000226
720286908,0,2e-06
716565258,0,0.002512
708564858,1,0.999832
778895883,0,6.6e-05
709410033,0,0.000115
710745633,0,2e-05
709008708,0,3.9e-05
714738858,0,2e-06
713639058,1,0.999988
719739108,0,0.000144
826079508,0,1.7e-05
710795883,0,1.6e-05
710404533,0,4.4e-05
719359458,0,0.017867
821837958,0,0.000124
710691633,0,1.6e-05
779296908,0,0.000317
710797833,0,9.7e-05
804337233,0,6e-06
713823033,1,0.999982
720076458,0,9e-06
809818008,0,4e-06
717376758,0,6e-06
795844983,0,1.3e-05
789368658,0,0.000215
720462633,0,2.1e-05
708938508,0,0.00011
709560258,1,0.999188
717513933,0,0.000643
711113958,0,0.000113
713995233,0,5e-06
717906783,0,0.001675
716516208,0,4.2e-05
756658083,0,6.9e-05
718692258,0,6.1e-05
719816583,1,0.999823
787578183,0,3e-06
788699808,0,0.037277
809320908,0,0.000111
789942033,1,0.998317
714006333,1,0.998691
710813733,0,5.3e-05
711679533,0,0.000699
709212183,0,4.2e-05
807523008,0,4.5e-05
787480158,0,4e-06
711272058,0,1.1e-05
720033033,0,2e-06
794124708,0,9.9e-05
790164408,0,8.5e-05
714831033,0,0.000367
718731183,1,0.99994
827888433,0,2.1e-05
711992133,0,2e-06
711809283,0,1.6e-05
714574083,0,0.000271
769189083,0,1.5e-05
711968358,0,1.2e-05
711750183,0,2.2e-05
716511483,0,2.5e-05
800869758,0,5e-06
715235808,0,1e-05
714199983,0,3e-06
718540308,0,1e-06
716460933,0,2.3e-05
780277458,0,5e-06
798011733,0,5e-06
714046608,0,0.000256
713396358,0,9.6e-05
714005508,0,6.7e-05
717444558,0,8e-06
713905608,0,0.00015
711126483,0,0.000696
714602658,1,0.999997
716019333,0,1e-06
714869958,0,3e-06
778459833,0,0.000102
789309558,0,0.000376
756736008,0,0.000238
779883933,0,0.000257
709343433,0,0.000122
806908608,0,6.6e-05
720521808,0,0.000317
709523508,0,6.7e-05
708373083,1,0.989339
713325108,0,0.000102
819214233,0,0.000351
713188383,0,0.000148
770778108,0,3e-06
716610558,0,0.000114
715174158,0,0.00011
779608083,0,4.4e-05
780200208,0,0.000181
718675158,1,0.999927
817977933,1,0.999849
755273658,0,2e-06
715022133,0,0.000144
719804208,0,1e-06
780056733,0,7.4e-05
780373233,0,2.7e-05
817188408,0,5.6e-05
772073508,1,0.999997
803805483,0,2.3e-05
717823383,0,1.1e-05
789907533,1,0.999929
788259558,0,1.6e-05
815515158,0,2e-06
713884458,0,3.9e-05
789717708,0,1.9e-05
708160008,0,4e-06
708702258,1,0.999947
789023508,0,3.6e-05
719265108,0,0.00017
813213558,0,0.000281
802460433,1,0.999992
717995958,0,7e-06
710697408,0,2.5e-05
805458933,0,0.000138
713850783,0,0.000106
713876958,0,0.000179
718926258,0,6.6e-05
717585858,0,1e-05
710303208,0,4.9e-05
770647233,0,0.000437
715459158,0,1.8e-05
789185508,0,0.000192
779305008,0,3.1e-05
713343333,0,7e-06
749067633,0,0.000528
811713408,0,7e-06
789990333,0,0.000151
788770908,0,0.000946
709411383,0,1.2e-05
708361833,0,2.7e-05
712801758,0,1.4e-05
721179708,0,4.5e-05
708511983,0,2.5e-05
711388458,0,0.000267
720486408,0,0.000175
709157133,0,0.000105
712240083,1,0.999975
782802033,1,0.999944
712091433,0,2.4e-05
720494058,0,0.00011
710277183,0,2e-06
789804933,0,1e-05
719022558,0,3e-06
714573258,0,0.000217
709919283,0,0.000139
716481408,0,0.000246
719038008,0,0.000161
793456983,0,8e-06
720597108,1,0.999789
715233108,0,1e-06
709220583,0,0.002195
779324358,0,0.046624
712112733,0,7e-06
714443058,1,0.999979
711109908,0,1.3e-05
717464958,0,0.000813
713701533,0,1.3e-05
772565883,0,2e-06
758765808,0,0.111097
716851908,0,3.8e-05
721500108,0,1.3e-05
820268358,0,2e-06
717171408,0,0.000273
713567958,0,9.5e-05
716512383,0,0.00664
713008308,0,0.000203
780942633,0,0.000331
716249508,0,1.9e-05
714909108,0,4.8e-05
778708533,1,0.999867
772725408,0,5e-06
709534083,1,0.999983
817144458,0,2.5e-05
807157833,0,2e-06
716371308,0,0.000263
716332533,0,4.9e-05
716924958,1,0.999911
720904233,0,8.5e-05
711964533,0,1.8e-05
788715483,0,5e-06
788832033,0,5.1e-05
716022258,1,0.99993
712208658,0,2.3e-05
710482533,0,1.8e-05
717661908,0,1e-05
720254883,0,5.9e-05
719532108,0,0.008813
779610033,1,0.999823
819977058,0,3e-06
772202058,0,0.000194
717658758,0,7.9e-05
720467583,0,1e-06
713314533,1,0.999828
719318583,1,0.999987
789122808,1,0.999524
708525108,0,1e-06
779662308,0,6.1e-05
717180633,0,0.000411
713000058,0,0.004691
709747308,0,7e-06
712235433,1,0.999858
712405908,0,1.4e-05
778885158,0,6e-06
789143283,0,3e-06
721233033,1,0.99989
718486608,0,1.1e-05
713249883,0,8e-06
797743233,0,3e-06
778346283,0,0.000159
721113333,0,0.000321
720707283,0,0.002402
788997408,0,0.000122
710456658,0,1.6e-05
808796208,0,1.7e-05
713685033,1,0.99998
788912658,0,4.4e-05
712157958,1,0.99981
711148308,0,3.7e-05
719117433,0,0.001967
